<?xml version="1.0" encoding="UTF-8"?>
<project-private xmlns="http://www.netbeans.org/ns/project-private/1">
    <editor-bookmarks xmlns="http://www.netbeans.org/ns/editor-bookmarks/2" lastBookmarkId="0"/>
    <open-files xmlns="http://www.netbeans.org/ns/projectui-open-files/2">
        <group>
            <file>file:/E:/Ftcc%20college%20courses/Semester%203/CTS-285-0001/Group%20Project/Dataman/src/dataman/Question.java</file>
            <file>file:/E:/Ftcc%20college%20courses/Semester%203/CTS-285-0001/Group%20Project/Dataman/src/dataman/Dataman.java</file>
        </group>
    </open-files>
</project-private>
